Workbook

Sheet Summary
A1: [ INSERT LOGO ] | D1: NAABSA MARINE SURVEYORS & CONSULTANTS
D2: Av. Ana Costa, 433/184 – Santos – SP – 11065-000
D3: surveyors@naabsa.com | naabsa.com | TEL: +55 13 3394-0655
A6: BUNKER SURVEY REPORT — CONFIGURATION
A8: SURVEY INFORMATION
A9: CLIENT | C9: MEDITERRANEAN SHIPPING COMPANY S.A.
A10: APPOINTED SERVICE | C10: ROB + SLUDGE DISPOSAL SURVEY
A11: VESSEL | C11: MSC KALAMATA VII
A12: VOYAGE | C12: QI4450R
A13: CAPTAIN | C13: Ion Danut Gheorghe
A14: CHIEF ENGINEER | C14: Oleksii Bragin
A15: GRADE 1 | C15: R HS
A16: GRADE 2 | C16: R VLS
A17: GRADE 3 | C17: R ULS
A18: GRADE 4 | C18: DISTILLATES
A19: TERMINAL | C19: Terminal de Contêineres de Paranaguá - TCP
A20: PORT | C20: Paranaguá/Brazil
... A23: SURVEY REF | C23: XXX/2025
A25: VESSEL DETAILS
A26: IMO NUMBER | C26: 9244946
A27: FLAG | C27: LIBERIA
A28: PORT OF REGISTRY | C28: MONROVIA
A29: DEADWEIGHT (DWT) | C29: 10768.3
A30: GRT | C30: 74656
A31: NET | C31: 41411
A32: DELIVERED | C32: 2003
A33: OWNER | C33: ALPHEUS OCEANWAY LIMITED
A34: MANAGER | C34: MSC SHIPMANAGEMENT LIMITED
A35: CALL SIGN | C35: 5LHF8
A36: TYPE | C36: Container Carrier
A37: LOA (m) | C37: 303.834
... A41: LIGHT SHIP (mt) | C41: 26886.4
A43: ⚑ This sheet is the data source for all other tabs. Do not print.

Sheet Qtt Summary
A1: [ INSERT LOGO ] | D1: NAABSA MARINE SURVEYORS & CONSULTANTS
D2: Av. Ana Costa, 433/184 – Santos – SP – 11065-000
D3: surveyors@naabsa.com | naabsa.com | TEL: +55 13 3394-0655
A6: Vessel | C6: =Summary!B12 -> 0 | F6: IMO | G6: =Summary!B28 -> 0
A7: Voyage | C7: =Summary!B13 -> 0 | F7: Flag | G7: =Summary!B29 -> 0
A8: Port | C8: =Summary!B21 -> 0 | F8: Terminal | G8: =Summary!B20 -> 0
A9: Survey | C9: =Summary!B11 -> 0 | F9: Date | G9: =Summary!B22 -> 0
B11: QUANTITIES SUMMARY
B12: DESCRIPTION | D12: GRADE | E12: SURVEYOR (MT) | F12: LOGBOOK (MT) | G12: DIFF (MT) | H12: DIFF (%)
B13: GRADE 1
B14: Actual qty per surveyor | D14: =Summary!B17 -> 0 | E14: 914.637 | I14: MT
B15: Logbook / Berthing Report | D15: =D14 -> 0 | E15: 822.9
B16: Difference | D16: =D14 -> 0 | E16: =E14-E15 -> #VALUE! | F16: =IF(E15<>0,(E14-E15)/E15,"") -> #VALUE!
B18: GRADE 2
B19: Actual qty per surveyor | D19: =Summary!B18 -> 0 | E19: 1145.819 | I19: MT
B20: Logbook / Berthing Report | D20: =D19 -> 0 | E20: 1206.46
B21: Difference | D21: =D19 -> 0 | E21: =E19-E20 -> #VALUE! | F21: =IF(E20<>0,(E19-E20)/E20,"") -> #VALUE!
B23: GRADE 3
B24: Actual qty per surveyor | D24: =Summary!B19 -> 0 | E24: 0 | I24: MT
B25: Logbook / Berthing Report | D25: =D24 -> 0 | E25: 0
B26: Difference | D26: =D24 -> 0 | E26: =E24-E25 -> 0 | F26: =IF(E25<>0,(E24-E25)/E25,"") -> #DIV/0!
B28: GRADE 4
B29: Actual qty per surveyor | D29: =Summary!B20 -> 0 | E29: 217.406 | I29: MT
B30: Logbook / Berthing Report | D30: =D29 -> 0 | E30: 184.89
B31: Difference | D31: =D29 -> 0 | E31: =E29-E30 -> #VALUE! | F31: =IF(E30<>0,(E29-E30)/E30,"") -> #VALUE!
B33: SLUDGE
B34: Actual quantity – surveyor | E34: 216.163 | H34: m³
B35: Logbook / Berthing Report | E35: 202.4 | H35: m³
B36: Last sludge discharge date | E36: November 23th, 2024
B37: Last discharge quantity | E37: 166.3 | H37: m³
B38: Sludge retained after last discharge | E38: 146.3 | H38: m³
B39: Sludge generated from last discharge | E39: 56.1 | H39: m³
B40: IFO consumption since last discharge | E40: 2158.547 | H40: MT
B41: Sludge generation rate (incl. water) | E41: 2.60 | H41: %
B42: Disposed at port | E42: 69.09 | H42: m³
B43: ROB of sludge after disposal | E43: 133.31 | H43: m³
B46: CHIEF ENGINEER: | F46: SURVEYOR:

Sheet Vessel Ullage
A1: [ INSERT LOGO ] | E1: NAABSA MARINE SURVEYORS & CONSULTANTS
E2: Av. Ana Costa, 433/184 – Santos – SP – 11065-000
E3: surveyors@naabsa.com | naabsa.com | TEL: +55 13 3394-0655
A6: Vessel | C6: =Summary!B12 -> 0 | F6: IMO | G6: =Summary!B28 -> 0
A7: Voyage | C7: =Summary!B13 -> 0 | F7: Flag | G7: =Summary!B29 -> 0
A8: Port | C8: =Summary!B21 -> 0 | F8: Terminal | G8: =Summary!B20 -> 0
A9: Survey | C9: =Summary!B11 -> 0 | F9: Date | G9: =Summary!B22 -> 0
B11: VESSEL'S SOUNDING / ULLAGE REPORT
B12: BEFORE DISPOSAL | I12: AFTER DISPOSAL
B13: Draft Fore: | C13: m | D13: Draft Aft: | E13: m | F13: Trim: | G13: m
B14: Tank | C14: Grade | D14: Sounding (m) | E14: Temp (°C) | F14: Total Vol (m³) | G14: Free Water (Dip) | H14: Gross Obs Vol (m³) | I14: VCF Tab 54B | J14: Density @15°C | K14: Gross Std Vol @15°C | L14: In Vac (MT) | M14: In Air (MT)
B15: FO TK 5 P | C15: R HS | D15: 0.25 | E15: 28 | F15: 7.365 | G15: Nil | H15: 7.365 | I15: 0.991 | J15: 0.9802 | K15: 7.299 | L15: 7.154 | M15: 7.146
B16: FO TK 5 S | C16: R HS | D16: 0.00 | E16: 28 | F16: 0.400 | G16: Nil | H16: 0.400 | I16: 0.991 | J16: 0.9802 | K16: 0.396 | L16: 0.389 | M16: 0.388
B17: FO TK 6 P | C17: R HS | D17: 15.41 U | E17: 39 | F17: 48.26 | G17: Nil | H17: 48.26 | I17: 0.9833 | J17: 0.9802 | K17: 47.45 | L17: 46.51 | M17: 46.46
B18: FO TK 6 S | C18: R HS | D18: 8.06 U | E18: 40 | F18: 502.17 | G18: Nil | H18: 502.17 | I18: 0.9826 | J18: 0.9802 | K18: 493.43 | L18: 483.66 | M18: 483.12
B19: FO TK D8 | C19: R HS | D19: 4.35 U | E19: 36 | F19: 203.20 | G19: Nil | H19: 203.20 | I19: 0.9854 | J19: 0.9802 | K19: 200.23 | L19: 196.27 | M19: 196.05
B20: FO TK SETT | C20: R HS | D20: 4.51 U | E20: 84 | F20: 102.18 | G20: Nil | H20: 102.18 | I20: 0.9517 | J20: 0.9802 | K20: 97.24 | L20: 95.32 | M20: 95.21
B21: FO TK SERV | C21: R HS | D21: 6.03 U | E21: 90 | F21: 86.19 | G21: Nil | H21: 86.19 | I21: 0.9475 | J21: 0.9802 | K21: 81.67 | L21: 80.05 | M21: 79.96
B22: FO OVERFLOW | C22: R HS | D22: 0.20 | E22: 40 | F22: 6.55 | G22: Nil | H22: 6.55 | I22: 0.9826 | J22: 0.9802 | K22: 6.44 | L22: 6.31 | M22: 6.30
B23: MDO TK 1 | C23: DIST | D23: 1.20 | E23: 28 | F23: 55.10 | G23: Nil | H23: 55.10 | I23: 0.8850 | J23: 0.8464 | K23: 48.75 | L23: 41.27 | M23: 41.22
B24: MDO SETT | C24: DIST | D24: 2.28 | E24: 29 | F24: 45.01 | G24: Nil | H24: 45.01 | I24: 0.9883 | J24: 0.8464 | K24: 44.48 | L24: 37.65 | M24: 37.60
B25: Total R HS | H25: 956.315 | K25: 934.16 | L25: 915.664 | M25: 914.637
B26: Total R VLS | H26: 1228.83 | K26: 1206.37 | L26: 1141.23 | M26: 1139.90
B27: Total R ULS | H27: 0 | K27: 0 | L27: 0 | M27: 0
B28: Total DISTILLATES | H28: 251.07 | K28: 248.55 | L28: 217.68 | M28: 217.41
B30: CHIEF ENGINEER: | I30: SURVEYOR:

Sheet Sludge
A1: [ INSERT LOGO ] | D1: NAABSA MARINE SURVEYORS & CONSULTANTS
D2: Av. Ana Costa, 433/184 – Santos – SP – 11065-000
D3: surveyors@naabsa.com | naabsa.com | TEL: +55 13 3394-0655
A6: Vessel | C6: =Summary!B12 -> 0 | F6: IMO | G6: =Summary!B28 -> 0
A7: Voyage | C7: =Summary!B13 -> 0 | F7: Flag | G7: =Summary!B29 -> 0
A8: Port | C8: =Summary!B21 -> 0 | F8: Terminal | G8: =Summary!B20 -> 0
A9: Survey | C9: =Summary!B11 -> 0 | F9: Date | G9: =Summary!B22 -> 0
B11: SLUDGE SUMMARY
B12: MISCELLANEOUS
C13: BEFORE DISPOSAL | G13: AFTER DISPOSAL
B14: Tank | C14: Sounding (m) | D14: m³ | F14: Tank | G14: Sounding (m) | H14: m³
B15: BILGE HT | C15: 0 | D15: 0 | G15: 0 | H15: 0
B16: BILGE W.H. TK | C16: 0.71 | D16: 29.44 | G16: 0.71 | H16: 29.44
B17: TOTAL
B19: SLUDGE TANKS — SURVEYOR
C20: BEFORE DISPOSAL | G20: AFTER DISPOSAL
B21: Tank | C21: Sounding (m) | D21: m³ | F21: Tank | G21: Sounding (m) | H21: m³
B22: SLUDGE TK | C22: 2.17 | D22: 168.256 | G22: 1.85 | H22: 141.04
B23: DIRTY OIL TK | C23: 2.00 | D23: 47.607 | G23: 0.47 | H23: 5.73
B24: SCAVENGE AIR D. TK | C24: 0.29 | D24: 0.100 | G24: 0.10 | H24: 0.10
B25: AUX. BOILER W.O SERV | C25: 0.05 | D25: 0.200 | G25: 0.20 | H25: 0.20
B26: AUX. BOILER W.O SETT | C26: 0.00 | D26: 0.000 | G26: 0.00 | H26: 0.00
B27: TOTAL
B29: SLUDGE STATISTICS
B30: Last sludge disposal | D30: November 23th, 2024
B31: Quantity disposed last time | D31: 166.30 | F31: m³
B32: Sludge retained after last disposal | D32: 146.30 | F32: m³
B33: Sludge production (observed) | D33: 69.86 | F33: m³
B34: Log book IFO consumption | D34: 2093.39 | F34: MT
B35: Sludge rate of production | D35: 3.34 | F35: %
B36: Disposed at port | D36: 69.09 | F36: m³
B37: Sludge retained on board | D37: 147.07 | F37: m³
B39: SLUDGE DISPOSAL TIME LOG
B40: Truck | C40: Plate | D40: Start | E40: Finish | F40: Duration | G40: Qty (m³)
B41: 1st | C41: MAQ-3348 | D41: 13:00 | E41: 15:00 | F41: 02:00 | G41: 35.20
B42: 2nd | C42: GAT-7C71 | D42: 16:00 | E42: 18:00 | F42: 02:00 | G42: 33.90
B43: 3rd
B44: 4th
B46: CHIEF ENGINEER: | G46: SURVEYOR:

Sheet LOG Audit
A1: [ INSERT LOGO ] | D1: NAABSA MARINE SURVEYORS & CONSULTANTS
D2: Av. Ana Costa, 433/184 – Santos – SP – 11065-000
D3: surveyors@naabsa.com | naabsa.com | TEL: +55 13 3394-0655
A6: Vessel | C6: =Summary!B12 -> 0 | F6: IMO | G6: =Summary!B28 -> 0
A7: Voyage | C7: =Summary!B13 -> 0 | F7: Flag | G7: =Summary!B29 -> 0
A8: Port | C8: =Summary!B21 -> 0 | F8: Terminal | G8: =Summary!B20 -> 0
A9: Survey | C9: =Summary!B11 -> 0 | F9: Date | G9: =Summary!B22 -> 0
B11: CONSUMPTION REPORT
B12: From: | C12: 2024-11-28 | E12: To: | F12: 2025-01-09
B14: LOG BOOK AUDIT
B15: Grade | C15: Log ROB (MT) | D15: Bunkering (MT) | E15: Log ROB (MT) | F15: Others (MT) | G15: Adjusted (MT) | H15: Consumption (MT) | I15: Berthing Report
B16: R HS | C16: 0 | D16: 2897.818 | E16: 822.9 | F16: 0 | G16: 0 | H16: 2074.918 | I16: 822.9
B17: R VLS | C17: 784.2 | D17: 500.829 | E17: 1203.1 | F17: 0 | G17: 0 | H17: 81.929 | I17: 1206.46
B18: R ULS | C18: 0 | D18: 0 | E18: 0 | F18: 0 | G18: 0 | H18: 0 | I18: 0
B19: DISTILLATES | C19: 188.4 | D19: 0 | E19: 186.7 | F19: 0 | G19: 0 | H19: 1.7 | I19: 184.89
B20: TOTAL | C20: 972.6 | D20: 3398.647 | E20: 2212.7 | F20: 0 | G20: 0 | H20: 2158.547 | I20: 2214.25
B22: FLOWMETER READINGS
B23: Date | C23: Grade | D23: Main Engine | E23: Aux. Engine | F23: Boiler | G23: Comments
B24: 2024-11-28 | C24: All Grades | D24: 0 | E24: 0 | F24: 0 | G24: Previous Survey
B25: 2025-01-09 | C25: All Grades | D25: 0 | E25: 0 | F25: 0 | G25: Actual survey
C26: Dif (m³) | D26: 0 | E26: 0 | F26: 0
C27: S.G. | D27: 1 | E27: 1 | F27: 1
C28: TOTAL (MT) | D28: 0 | E28: 0 | F28: 0
B30: REMARKS:
B36: CHIEF ENGINEER: | F36: SURVEYOR:

Sheet Time Log
A1: [ INSERT LOGO ] | C1: NAABSA MARINE SURVEYORS & CONSULTANTS
C2: Av. Ana Costa, 433/184 – Santos – SP – 11065-000
C3: surveyors@naabsa.com | naabsa.com | TEL: +55 13 3394-0655
A6: Vessel | C6: =Summary!B12 -> 0 | F6: IMO | G6: =Summary!B28 -> 0
A7: Voyage | C7: =Summary!B13 -> 0 | F7: Flag | G7: =Summary!B29 -> 0
A8: Port | C8: =Summary!B21 -> 0 | F8: Terminal | G8: =Summary!B20 -> 0
A9: Survey | C9: =Summary!B11 -> 0 | F9: Date | G9: =Summary!B22 -> 0
B11: TIME LOG REPORT
B12: Description | C12: Date | D12: Time
B13: Surveyor arrived at terminal | C13: 2025-01-09 | D13: 08:10h/lt
B14: Surveyor authorized by terminal to board vessel | C14: 2025-01-09 | D14: 08:20h/lt
B15: Surveyor on board | C15: 2025-01-09 | D15: 08:40h/lt
B16: Meeting with Chief Engineer | C16: 2025-01-09 | D16: 08:50 × 10:20h/lt
B17: Opening soundings | C17: 2025-01-09 | D17: 08:50 × 10:20h/lt
B18: Waiting trucks | C18: 2025-01-09 | D18: 08:50 × 10:20h/lt
B19: Trucks arrived | C19: 2025-01-09 | D19: 12:00h/lt
B20: Pumping operation | C20: 2025-01-09 | D20: 13:00 × 18:00h/lt
B21: Closing soundings | C21: 2025-01-09 | D21: 08:50 × 10:20h/lt
B22: Calculation | C22: 2025-01-09 | D22: 18:10 × 18:50h/lt
B23: Documents signed | C23: 2025-01-09 | D23: 19:25h/lt
B24: Surveyor left board | C24: 2025-01-09 | D24: 19:40h/lt
B26: DOCUMENTS RECEIVED
B27: Ship's Particulars | D27: No
B28: Crew list | D28: No
B29: BDN — Bunker Delivery Note (if applicable) | D29: No
B30: Berthing message (VRS with ROB Bunker and Sludge) | D30: No
B31: Last manual sounding | D31: No
B32: Sludge message (sent after disposal) | D32: No
B33: Copy of Oil Record Book | D33: No
B34: Copy of last survey report | D34: No
B35: Copy of last flowmeter calibration certificate (ME) | D35: No
B36: Copy of last flowmeter calibration certificate (AE) | D36: No
B38: CHIEF ENGINEER: | D38: SURVEYOR:

Sheet MSC Telex
A1: [ INSERT LOGO ] | B1: NAABSA MARINE SURVEYORS & CONSULTANTS
B2: Av. Ana Costa, 433/184 – Santos – SP – 11065-000
B3: surveyors@naabsa.com | naabsa.com | TEL: +55 13 3394-0655
A6: MSC TELEX / FINAL REPORT — AUTO FIELDS
A7: (/SURVEY) | B7: (/SURVEY)
A8: (VSL) | B8: =Summary!B12 -> 0
A9: (PORT) | B9: =Summary!B21 -> 0
A10: (VOY) | B10: =Summary!B13 -> 0
A11: (DATE) | B11: =Summary!B22 -> 0
A12: (SURVEYOR) | B12: =Summary!B23 -> 0
A13: (SURVEY TYPE) | B13: =Summary!B11 -> 0
A14: (CHIEF ENGINEER) | B14: =Summary!B15 -> 0
A15: (CAPTAIN) | B15: =Summary!B14 -> 0
A16: (ROB ACTUAL R HS) | B16: ='Qtt Summary'!E13 -> 0
A17: (ROB ACTUAL R VLS) | B17: ='Qtt Summary'!E18 -> 0
A18: (ROB ACTUAL DIST) | B18: ='Qtt Summary'!E28 -> 0
A19: (ROB ACTUAL SLUDGE) | B19: =Sludge!D15 -> 0
A20: (SLUDGE DISPOSED) | B20: =Sludge!D48 -> 0
A21: (TRIM) | B21: ='Vessel Ullage'!D14 -> Sounding (m)
A23: ⚑ This sheet is auto-filled from Summary. Do not edit manually.

Sheet VacuoAr
A1: DENSITY AT 15°C | B1: FCW VACUO-AR
A2: 0.5 | B2: 0.99775
A3: 0.5192 | B3: 0.99785
A4: 0.5422 | B4: 0.99795
A5: 0.5674 | B5: 0.99805
A6: 0.5951 | B6: 0.99815
A7: 0.6256 | B7: 0.99825
A8: 0.6594 | B8: 0.99835
A9: 0.6971 | B9: 0.99845
A10: 0.7393 | B10: 0.99855
A11: 0.787 | B11: 0.99865
A12: 0.8412 | B12: 0.99875
A13: 0.9035 | B13: 0.99885
... A16: 1.1 | B16: 0.99905
